{
    "AWSEBDockerrunVersion": 2,
    "containerDefinitions":[
        {
            "name": "client",
            "image": "soulaimane9js/react-app-prod",
            "hostname": "client",
            "essential": false,
            "memory": 100,
            "memoryReservation": 64
        },
        {
            "name": "server",
            "image": "soulaimane9js/server-app-prod",
            "hostname": "api",
            "essential": false,
            "memory": 100,
            "memoryReservation": 64
        },
        {
            "name": "worker",
            "image": "soulaimane9js/worker-prod",
            "hostname": "worker",
            "essential": false,
            "memory": 100,
            "memoryReservation": 64
        },
        {
            "name": "nginx",
            "image": "soulaimane9js/nginx-prod",
            "hostname": "nginx",
            "essential": true,
            "portMappings": [
                {
                    "hostPort": 80,
                    "containerPort": 80
                }
            ],
            "links": ["client", "server"],
            "memory": 200,
            "memoryReservation": 128
        }
    ]
}